Env,Algorithm,Seed,Shift_Condition,Success_Rate,Mean_Return,Representation_Distance
procgen:procgen-coinrun-v0,PPO_Standard,0,Clean,0.02,0.2,0.0
procgen:procgen-coinrun-v0,PPO_Standard,0,Noise_Low,0.08,0.8,5.13594388961792
procgen:procgen-coinrun-v0,PPO_Standard,0,Noise_High,0.38,3.8,5.991574287414551
procgen:procgen-coinrun-v0,PPO_Standard,0,Distractor_1,0.16,1.6,12.118802070617676
procgen:procgen-coinrun-v0,PPO_Standard,0,Distractor_3,0.36,3.6,6.29103422164917
procgen:procgen-coinrun-v0,PPO_Standard,0,Viewpoint_15deg,0.24,2.4,9.148536682128906
procgen:procgen-coinrun-v0,PPO_Standard,0,Viewpoint_30deg,0.36,3.6,7.446713447570801
procgen:procgen-coinrun-v0,PPO_Standard,0,Occlusion_15pct,0.34,3.4,10.822702407836914
procgen:procgen-coinrun-v0,PPO_Standard,0,Blur_K7,0.02,0.2,5.178633213043213
procgen:procgen-coinrun-v0,PPO_Standard,0,Compound_Level2,0.36,3.6,10.340225219726562
procgen:procgen-coinrun-v0,PPO_Standard,0,Compound_Level4,0.42,4.2,6.429104328155518
procgen:procgen-coinrun-v0,PPO_Standard,42,Clean,0.06,0.6,0.0
procgen:procgen-coinrun-v0,PPO_Standard,42,Noise_Low,0.1,1.0,18.135000228881836
procgen:procgen-coinrun-v0,PPO_Standard,42,Noise_High,0.4,4.0,17.72246551513672
procgen:procgen-coinrun-v0,PPO_Standard,42,Distractor_1,0.36,3.6,11.366301536560059
procgen:procgen-coinrun-v0,PPO_Standard,42,Distractor_3,0.44,4.4,12.676335334777832
procgen:procgen-coinrun-v0,PPO_Standard,42,Viewpoint_15deg,0.58,5.8,8.98900318145752
procgen:procgen-coinrun-v0,PPO_Standard,42,Viewpoint_30deg,0.52,5.2,8.848766326904297
procgen:procgen-coinrun-v0,PPO_Standard,42,Occlusion_15pct,0.44,4.4,15.299576759338379
procgen:procgen-coinrun-v0,PPO_Standard,42,Blur_K7,0.08,0.8,20.71851348876953
procgen:procgen-coinrun-v0,PPO_Standard,42,Compound_Level2,0.38,3.8,6.207307815551758
procgen:procgen-coinrun-v0,PPO_Standard,42,Compound_Level4,0.54,5.4,10.336065292358398
procgen:procgen-coinrun-v0,PPO_Standard,100,Clean,0.0,0.0,0.0
procgen:procgen-coinrun-v0,PPO_Standard,100,Noise_Low,0.02,0.2,9.009482383728027
procgen:procgen-coinrun-v0,PPO_Standard,100,Noise_High,0.3,3.0,9.870601654052734
procgen:procgen-coinrun-v0,PPO_Standard,100,Distractor_1,0.26,2.6,9.664067268371582
procgen:procgen-coinrun-v0,PPO_Standard,100,Distractor_3,0.22,2.2,9.647358894348145
procgen:procgen-coinrun-v0,PPO_Standard,100,Viewpoint_15deg,0.2,2.0,11.261302947998047
procgen:procgen-coinrun-v0,PPO_Standard,100,Viewpoint_30deg,0.1,1.0,9.00085735321045
procgen:procgen-coinrun-v0,PPO_Standard,100,Occlusion_15pct,0.1,1.0,10.356270790100098
procgen:procgen-coinrun-v0,PPO_Standard,100,Blur_K7,0.08,0.8,12.354745864868164
procgen:procgen-coinrun-v0,PPO_Standard,100,Compound_Level2,0.26,2.6,10.696717262268066
procgen:procgen-coinrun-v0,PPO_Standard,100,Compound_Level4,0.2,2.0,10.434908866882324
procgen:procgen-coinrun-v0,DataAugmented_PPO,0,Clean,0.0,0.0,0.0
procgen:procgen-coinrun-v0,DataAugmented_PPO,0,Noise_Low,0.02,0.2,10.355880737304688
procgen:procgen-coinrun-v0,DataAugmented_PPO,0,Noise_High,0.4,4.0,19.021812438964844
procgen:procgen-coinrun-v0,DataAugmented_PPO,0,Distractor_1,0.54,5.4,14.907614707946777
procgen:procgen-coinrun-v0,DataAugmented_PPO,0,Distractor_3,0.48,4.8,16.225383758544922
procgen:procgen-coinrun-v0,DataAugmented_PPO,0,Viewpoint_15deg,0.4,4.0,18.86125373840332
procgen:procgen-coinrun-v0,DataAugmented_PPO,0,Viewpoint_30deg,0.22,2.2,17.53561019897461
procgen:procgen-coinrun-v0,DataAugmented_PPO,0,Occlusion_15pct,0.32,3.2,19.51652717590332
procgen:procgen-coinrun-v0,DataAugmented_PPO,0,Blur_K7,0.0,0.0,13.959673881530762
procgen:procgen-coinrun-v0,DataAugmented_PPO,0,Compound_Level2,0.58,5.8,19.331361770629883
procgen:procgen-coinrun-v0,DataAugmented_PPO,0,Compound_Level4,0.5,5.0,17.945192337036133
procgen:procgen-coinrun-v0,DataAugmented_PPO,42,Clean,0.4,4.0,0.0
procgen:procgen-coinrun-v0,DataAugmented_PPO,42,Noise_Low,0.4,4.0,34.45684051513672
procgen:procgen-coinrun-v0,DataAugmented_PPO,42,Noise_High,0.56,5.6,11.61719036102295
procgen:procgen-coinrun-v0,DataAugmented_PPO,42,Distractor_1,0.52,5.2,26.609272003173828
procgen:procgen-coinrun-v0,DataAugmented_PPO,42,Distractor_3,0.62,6.2,2.389265537261963
procgen:procgen-coinrun-v0,DataAugmented_PPO,42,Viewpoint_15deg,0.62,6.2,6.674798488616943
procgen:procgen-coinrun-v0,DataAugmented_PPO,42,Viewpoint_30deg,0.6,6.0,9.440384864807129
procgen:procgen-coinrun-v0,DataAugmented_PPO,42,Occlusion_15pct,0.64,6.4,27.16655158996582
procgen:procgen-coinrun-v0,DataAugmented_PPO,42,Blur_K7,0.14,1.4,13.194673538208008
procgen:procgen-coinrun-v0,DataAugmented_PPO,42,Compound_Level2,0.58,5.8,4.974526405334473
procgen:procgen-coinrun-v0,DataAugmented_PPO,42,Compound_Level4,0.52,5.2,14.854232788085938
procgen:procgen-coinrun-v0,DataAugmented_PPO,100,Clean,0.0,0.0,0.0
procgen:procgen-coinrun-v0,DataAugmented_PPO,100,Noise_Low,0.02,0.2,46.52531433105469
procgen:procgen-coinrun-v0,DataAugmented_PPO,100,Noise_High,0.24,2.4,31.276025772094727
procgen:procgen-coinrun-v0,DataAugmented_PPO,100,Distractor_1,0.42,4.2,23.20781898498535
procgen:procgen-coinrun-v0,DataAugmented_PPO,100,Distractor_3,0.52,5.2,18.97004508972168
procgen:procgen-coinrun-v0,DataAugmented_PPO,100,Viewpoint_15deg,0.42,4.2,28.399063110351562
procgen:procgen-coinrun-v0,DataAugmented_PPO,100,Viewpoint_30deg,0.42,4.2,24.45601463317871
procgen:procgen-coinrun-v0,DataAugmented_PPO,100,Occlusion_15pct,0.56,5.6,17.6166934967041
procgen:procgen-coinrun-v0,DataAugmented_PPO,100,Blur_K7,0.0,0.0,30.567827224731445
procgen:procgen-coinrun-v0,DataAugmented_PPO,100,Compound_Level2,0.44,4.4,24.1108455657959
procgen:procgen-coinrun-v0,DataAugmented_PPO,100,Compound_Level4,0.52,5.2,23.34408950805664
MultiStageNavigation-v0,PPO_Standard,0,Clean,0.0,148.99084088949928,0.0
MultiStageNavigation-v0,PPO_Standard,0,Noise_Low,0.0,149.38176402512048,3.934678077697754
MultiStageNavigation-v0,PPO_Standard,0,Noise_High,0.0,122.701647868497,49.66515350341797
MultiStageNavigation-v0,PPO_Standard,0,Distractor_1,0.0,139.74805255617412,3.749100685119629
MultiStageNavigation-v0,PPO_Standard,0,Distractor_3,0.18,86.17132675429185,33.8718376159668
MultiStageNavigation-v0,PPO_Standard,0,Viewpoint_15deg,0.0,149.587913747515,4.518133640289307
MultiStageNavigation-v0,PPO_Standard,0,Viewpoint_30deg,0.0,147.75582312595276,5.488471031188965
MultiStageNavigation-v0,PPO_Standard,0,Occlusion_15pct,0.02,129.80290952387307,9.421637535095215
MultiStageNavigation-v0,PPO_Standard,0,Blur_K7,0.0,152.12382003670646,10.932008743286133
MultiStageNavigation-v0,PPO_Standard,0,Compound_Level2,0.08,91.44915931431314,11.703289031982422
MultiStageNavigation-v0,PPO_Standard,0,Compound_Level4,0.08,84.52972099531262,77.18529510498047
MultiStageNavigation-v0,PPO_Standard,42,Clean,0.0,137.61134009906223,0.0
MultiStageNavigation-v0,PPO_Standard,42,Noise_Low,0.0,136.68294043359302,14.739981651306152
MultiStageNavigation-v0,PPO_Standard,42,Noise_High,0.02,93.25565359933039,24.348731994628906
MultiStageNavigation-v0,PPO_Standard,42,Distractor_1,0.0,125.93809285561241,4.055488109588623
MultiStageNavigation-v0,PPO_Standard,42,Distractor_3,0.08,80.33015886352176,50.622806549072266
MultiStageNavigation-v0,PPO_Standard,42,Viewpoint_15deg,0.0,136.4080621743202,1.5421613454818726
MultiStageNavigation-v0,PPO_Standard,42,Viewpoint_30deg,0.0,134.8080696512404,2.3781137466430664
MultiStageNavigation-v0,PPO_Standard,42,Occlusion_15pct,0.0,127.3291404220036,7.215240955352783
MultiStageNavigation-v0,PPO_Standard,42,Blur_K7,0.0,137.299257821242,7.434432029724121
MultiStageNavigation-v0,PPO_Standard,42,Compound_Level2,0.08,86.38510084546743,11.668591499328613
MultiStageNavigation-v0,PPO_Standard,42,Compound_Level4,0.0,72.23005049444382,37.99245834350586
MultiStageNavigation-v0,PPO_Standard,100,Clean,0.0,144.67898401328495,0.0
MultiStageNavigation-v0,PPO_Standard,100,Noise_Low,0.0,144.95199518669222,9.117087364196777
MultiStageNavigation-v0,PPO_Standard,100,Noise_High,0.0,142.02146782114391,6.672509670257568
MultiStageNavigation-v0,PPO_Standard,100,Distractor_1,0.0,139.99341844252177,6.274989604949951
MultiStageNavigation-v0,PPO_Standard,100,Distractor_3,0.04,102.09842435990058,22.75015640258789
MultiStageNavigation-v0,PPO_Standard,100,Viewpoint_15deg,0.0,140.53954950718654,8.875411033630371
MultiStageNavigation-v0,PPO_Standard,100,Viewpoint_30deg,0.02,136.8035560097013,8.626419067382812
MultiStageNavigation-v0,PPO_Standard,100,Occlusion_15pct,0.0,130.45673962059473,8.231965065002441
MultiStageNavigation-v0,PPO_Standard,100,Blur_K7,0.0,144.7828457827795,5.350526332855225
MultiStageNavigation-v0,PPO_Standard,100,Compound_Level2,0.02,100.00795725584032,15.726237297058105
MultiStageNavigation-v0,PPO_Standard,100,Compound_Level4,0.02,97.85370479061487,20.622802734375
MultiStageNavigation-v0,DataAugmented_PPO,0,Clean,0.0,109.22247926008131,0.0
MultiStageNavigation-v0,DataAugmented_PPO,0,Noise_Low,0.0,107.69629832074753,2.1911299228668213
MultiStageNavigation-v0,DataAugmented_PPO,0,Noise_High,0.0,107.05633648940494,8.859991073608398
MultiStageNavigation-v0,DataAugmented_PPO,0,Distractor_1,0.0,102.23119248242605,2.933410406112671
MultiStageNavigation-v0,DataAugmented_PPO,0,Distractor_3,0.04,94.32549323292005,16.873498916625977
MultiStageNavigation-v0,DataAugmented_PPO,0,Viewpoint_15deg,0.0,104.91992979492457,3.5387184619903564
MultiStageNavigation-v0,DataAugmented_PPO,0,Viewpoint_30deg,0.0,102.1887293585141,5.270516872406006
MultiStageNavigation-v0,DataAugmented_PPO,0,Occlusion_15pct,0.0,80.91964655183612,18.011995315551758
MultiStageNavigation-v0,DataAugmented_PPO,0,Blur_K7,0.0,118.20246674617128,8.999186515808105
MultiStageNavigation-v0,DataAugmented_PPO,0,Compound_Level2,0.12,88.44570747770014,14.369872093200684
MultiStageNavigation-v0,DataAugmented_PPO,0,Compound_Level4,0.16,87.65809054556348,15.207603454589844
MultiStageNavigation-v0,DataAugmented_PPO,42,Clean,0.02,129.58407162586846,0.0
MultiStageNavigation-v0,DataAugmented_PPO,42,Noise_Low,0.02,126.42020759872024,4.613857746124268
MultiStageNavigation-v0,DataAugmented_PPO,42,Noise_High,0.0,93.29828974008558,17.4688663482666
MultiStageNavigation-v0,DataAugmented_PPO,42,Distractor_1,0.02,106.00094901326155,5.85817813873291
MultiStageNavigation-v0,DataAugmented_PPO,42,Distractor_3,0.08,82.34943076619082,23.27510643005371
MultiStageNavigation-v0,DataAugmented_PPO,42,Viewpoint_15deg,0.02,123.97343000326836,6.5117597579956055
MultiStageNavigation-v0,DataAugmented_PPO,42,Viewpoint_30deg,0.02,117.86201185714629,17.47068214416504
MultiStageNavigation-v0,DataAugmented_PPO,42,Occlusion_15pct,0.02,111.44441774266105,28.665063858032227
MultiStageNavigation-v0,DataAugmented_PPO,42,Blur_K7,0.0,134.96446294988903,20.721088409423828
MultiStageNavigation-v0,DataAugmented_PPO,42,Compound_Level2,0.1,77.8181152293228,26.9832706451416
MultiStageNavigation-v0,DataAugmented_PPO,42,Compound_Level4,0.04,77.77197827730858,41.71874237060547
MultiStageNavigation-v0,DataAugmented_PPO,100,Clean,0.0,152.71954865262623,0.0
MultiStageNavigation-v0,DataAugmented_PPO,100,Noise_Low,0.0,153.75774360225313,5.545036792755127
MultiStageNavigation-v0,DataAugmented_PPO,100,Noise_High,0.0,149.2435370712053,12.3748140335083
MultiStageNavigation-v0,DataAugmented_PPO,100,Distractor_1,0.02,138.87135540360498,4.336971759796143
MultiStageNavigation-v0,DataAugmented_PPO,100,Distractor_3,0.1,90.30737210302128,16.796367645263672
MultiStageNavigation-v0,DataAugmented_PPO,100,Viewpoint_15deg,0.0,153.00433095750356,7.485318183898926
MultiStageNavigation-v0,DataAugmented_PPO,100,Viewpoint_30deg,0.0,151.24187915291108,6.156075477600098
MultiStageNavigation-v0,DataAugmented_PPO,100,Occlusion_15pct,0.02,140.39655124641604,8.279096603393555
MultiStageNavigation-v0,DataAugmented_PPO,100,Blur_K7,0.0,155.5780514965739,14.726277351379395
MultiStageNavigation-v0,DataAugmented_PPO,100,Compound_Level2,0.16,92.56381959180038,19.11405372619629
MultiStageNavigation-v0,DataAugmented_PPO,100,Compound_Level4,0.18,89.12591230768535,14.396886825561523
